<?xml version="1.0"?>
<doc>
    <assembly>
        <name>KLibrary.ComponentModel</name>
    </assembly>
    <members>
        <member name="T:KLibrary.ComponentModel.DependentOnAttribute">
            <summary>
            Specifies the property on which the current property is dependent.
            </summary>
        </member>
        <member name="M:KLibrary.ComponentModel.DependentOnAttribute.#ctor(System.String)">
            <summary>
            Initializes a new instance of the <see cref="T:KLibrary.ComponentModel.DependentOnAttribute"/> class.
            </summary>
            <param name="propertyName">The name of the property on which the current property is dependent.</param>
        </member>
        <member name="M:KLibrary.ComponentModel.DependentOnAttribute.GetTargetToSourceMap(System.Type)">
            <summary>
            Gets the map of properties dependency from children to parents.
            </summary>
            <param name="type">The object type.</param>
            <returns>The map of properties dependency from children to parents.</returns>
        </member>
        <member name="M:KLibrary.ComponentModel.DependentOnAttribute.GetSourceToTargetMap(System.Type)">
            <summary>
            Gets the map of properties dependency from parents to children.
            </summary>
            <param name="type">The object type.</param>
            <returns>The map of properties dependency from parents to children.</returns>
        </member>
        <member name="P:KLibrary.ComponentModel.DependentOnAttribute.PropertyName">
            <summary>
            Gets the name of the property on which the current property is dependent.
            </summary>
            <value>The name of the property on which the current property is dependent.</value>
        </member>
        <member name="T:KLibrary.ComponentModel.DisposableBase">
            <summary>
            Provides the base implementation for disposable objects.
            </summary>
        </member>
        <member name="M:KLibrary.ComponentModel.DisposableBase.Finalize">
            <summary>
            Finalize this object.
            </summary>
        </member>
        <member name="M:KLibrary.ComponentModel.DisposableBase.Dispose">
            <summary>
            Releases all resources used by this object.
            </summary>
        </member>
        <member name="M:KLibrary.ComponentModel.DisposableBase.Dispose(System.Boolean)">
            <summary>
            Releases the managed and/or unmanaged resources used by this object.
            </summary>
            <param name="disposing">true to release both managed and unmanaged resources; false to release only unmanaged resources.</param>
        </member>
        <member name="T:KLibrary.ComponentModel.NotifyBase">
            <summary>
            Provides the base implementation for observable objects.
            </summary>
        </member>
        <member name="M:KLibrary.ComponentModel.NotifyBase.#ctor">
            <summary>
            Initializes a new instance of the <see cref="T:KLibrary.ComponentModel.NotifyBase"/> class.
            </summary>
        </member>
        <member name="M:KLibrary.ComponentModel.NotifyBase.GetValue``1(System.String)">
            <summary>
            Gets the value of the property.
            </summary>
            <typeparam name="T">The type of the property.</typeparam>
            <param name="propertyName">The name of the property.</param>
            <returns>The value of the property.</returns>
        </member>
        <member name="M:KLibrary.ComponentModel.NotifyBase.SetValue``1(``0,System.String)">
            <summary>
            Sets the value of the property.
            The <see cref="E:KLibrary.ComponentModel.NotifyBase.PropertyChanged"/> event occurs if the value has changed.
            </summary>
            <typeparam name="T">The type of the property.</typeparam>
            <param name="value">The value of the property.</param>
            <param name="propertyName">The name of the property.</param>
        </member>
        <member name="M:KLibrary.ComponentModel.NotifyBase.NotifyPropertyChanged(System.String)">
            <summary>
            Notifies that the property value has changed.
            </summary>
            <param name="propertyName">The name of the property which has changed.</param>
        </member>
        <member name="M:KLibrary.ComponentModel.NotifyBase.AddPropertyChangedHandler(System.String,System.Action)">
            <summary>
            Add the action which is executed when the property has changed.
            </summary>
            <param name="propertyName">The name of the property which has changed.</param>
            <param name="action">The action which is executed when the property has changed.</param>
        </member>
        <member name="P:KLibrary.ComponentModel.NotifyBase.PropertyValues">
            <summary>
            Gets the dictionary which contains the property values of this object.
            </summary>
            <value>The dictionary which contains the property values of this object.</value>
        </member>
        <member name="P:KLibrary.ComponentModel.NotifyBase.PropertiesBindingMap">
            <summary>
            Gets the map of properties dependency from parents to children.
            </summary>
            <value>The map of properties dependency from parents to children.</value>
        </member>
        <member name="E:KLibrary.ComponentModel.NotifyBase.PropertyChanged">
            <summary>
            Occurs when a property value has changed.
            </summary>
        </member>
    </members>
</doc>
